,time,note,scale degree,length,start,end,numeral,chromatic root,diatonic root,key,absolute root
0,0.0,65.0,7.0,0.125,0.0,1.0,vi,9,6,10,7
1,0.125,65.0,7.0,0.125,0.0,1.0,vi,9,6,10,7
2,0.25,65.0,7.0,0.125,0.0,1.0,vi,9,6,10,7
3,0.375,65.0,7.0,0.25,0.0,1.0,vi,9,6,10,7
4,0.625,65.0,7.0,0.375,0.0,1.0,vi,9,6,10,7
5,1.0,64.0,6.0,0.125,0.0,1.0,vi,9,6,10,7
6,1.125,64.0,6.0,0.125,1.0,2.0,V7/V,2,2,10,0
7,1.25,65.0,7.0,0.125,1.0,2.0,V7/V,2,2,10,0
8,1.375,64.0,6.0,0.125,1.0,2.0,V7/V,2,2,10,0
9,1.5,62.0,4.0,0.062,1.0,2.0,V7/V,2,2,10,0
10,1.562,60.0,2.0,0.4379999999999999,1.0,2.0,V7/V,2,2,10,0
11,2.0,63.0,5.0,0.125,1.0,2.0,V7/V,2,2,10,0
12,2.125,63.0,5.0,0.125,2.0,3.0,V7,7,5,10,5
13,2.25,63.0,5.0,0.125,2.0,3.0,V7,7,5,10,5
14,2.375,63.0,5.0,0.25,2.0,3.0,V7,7,5,10,5
15,2.625,53.0,7.0,0.125,2.0,3.0,V7,7,5,10,5
16,2.75,53.0,7.0,0.125,2.0,3.0,V7,7,5,10,5
17,2.875,53.0,7.0,0.125,2.0,3.0,V7,7,5,10,5
18,3.0,62.0,4.0,0.125,2.0,3.0,V7,7,5,10,5
19,3.125,62.0,4.0,0.125,3.0,4.0,I,0,1,10,10
20,3.25,63.0,5.0,0.125,3.0,4.0,I,0,1,10,10
21,3.375,62.0,4.0,0.125,3.0,4.0,I,0,1,10,10
22,3.5,60.0,2.0,0.125,3.0,4.0,I,0,1,10,10
23,3.625,58.0,0.0,0.375,3.0,4.0,I,0,1,10,10
24,4.0,62.0,4.0,0.125,3.0,4.0,I,0,1,10,10
25,4.125,62.0,4.0,0.125,4.0,5.0,vi,9,6,10,7
26,4.25,62.0,4.0,0.125,4.0,5.0,vi,9,6,10,7
27,4.375,62.0,4.0,0.5,4.0,5.0,vi,9,6,10,7
28,4.875,62.0,4.0,0.125,4.0,5.0,vi,9,6,10,7
29,5.0,62.0,11.0,0.125,4.0,5.0,vi,9,6,10,7
30,5.125,62.0,11.0,0.125,5.0,7.0,V7/IV,0,1,10,10
31,5.25,63.0,0.0,0.125,5.0,7.0,V7/IV,0,1,10,10
32,5.375,63.0,0.0,0.0629999999999997,5.0,7.0,V7/IV,0,1,10,10
33,5.438,65.0,2.0,0.1870000000000002,5.0,7.0,V7/IV,0,1,10,10
34,5.625,58.0,7.0,0.25,5.0,7.0,V7/IV,0,1,10,10
35,5.875,67.0,4.0,1.125,5.0,7.0,V7/IV,0,1,10,10
36,7.0,67.0,4.0,0.125,5.0,7.0,V7/IV,0,1,10,10
37,7.125,67.0,4.0,0.125,7.0,8.0,ii,2,2,10,0
38,7.25,67.0,4.0,0.125,7.0,8.0,ii,2,2,10,0
39,7.375,65.0,2.0,0.0629999999999997,7.0,8.0,ii,2,2,10,0
40,7.438,67.0,4.0,0.1870000000000002,7.0,8.0,ii,2,2,10,0
41,7.625,65.0,2.0,0.0629999999999997,7.0,8.0,ii,2,2,10,0
42,7.688,67.0,4.0,0.3120000000000003,7.0,8.0,ii,2,2,10,0
43,8.0,65.0,2.0,0.125,7.0,8.0,ii,2,2,10,0
44,8.125,65.0,2.0,0.125,8.0,9.0,V7,7,5,10,5
45,8.25,67.0,4.0,0.125,8.0,9.0,V7,7,5,10,5
46,8.375,65.0,2.0,0.125,8.0,9.0,V7,7,5,10,5
47,8.5,63.0,0.0,0.0619999999999993,8.0,9.0,V7,7,5,10,5
48,8.562,60.0,9.0,0.0630000000000006,8.0,9.0,V7,7,5,10,5
49,8.625,55.0,4.0,0.125,8.0,9.0,V7,7,5,10,5
50,8.75,56.0,5.0,0.125,8.0,9.0,V7,7,5,10,5
51,8.875,58.0,7.0,0.125,8.0,9.0,V7,7,5,10,5
52,9.0,63.0,0.0,0.125,8.0,9.0,V7,7,5,10,5
53,9.125,63.0,0.0,0.125,9.0,11.0,V/IV,0,1,10,10
54,9.25,62.0,11.0,0.25,9.0,11.0,V/IV,0,1,10,10
55,9.5,61.0,10.0,0.125,9.0,11.0,V/IV,0,1,10,10
56,9.625,61.0,10.0,0.125,9.0,11.0,V/IV,0,1,10,10
57,9.75,62.0,11.0,0.25,9.0,11.0,V/IV,0,1,10,10
58,10.0,63.0,0.0,0.125,9.0,11.0,V/IV,0,1,10,10
59,10.125,63.0,0.0,0.125,9.0,11.0,V/IV,0,1,10,10
60,10.25,62.0,11.0,0.25,9.0,11.0,V/IV,0,1,10,10
61,10.5,61.0,10.0,0.125,9.0,11.0,V/IV,0,1,10,10
62,10.625,61.0,10.0,0.125,9.0,11.0,V/IV,0,1,10,10
63,10.75,62.0,11.0,0.25,9.0,11.0,V/IV,0,1,10,10
64,11.0,67.0,9.0,0.125,9.0,11.0,V/IV,0,1,10,10
65,11.125,67.0,9.0,0.125,11.0,11.5,IV,5,4,10,3
66,11.25,67.0,9.0,0.125,11.0,11.5,IV,5,4,10,3
67,11.375,67.0,9.0,0.125,11.0,11.5,IV,5,4,10,3
68,11.5,65.0,7.0,0.25,11.0,11.5,IV,5,4,10,3
69,11.75,70.0,0.0,0.25,11.5,12.0,I6,0,1,10,10
70,12.0,64.0,6.0,0.125,11.5,12.0,I6,0,1,10,10
71,12.125,64.0,6.0,0.125,12.0,12.5,viix42/V,6,4,10,4
72,12.25,64.0,6.0,0.125,12.0,12.5,viix42/V,6,4,10,4
73,12.375,65.0,7.0,0.125,12.0,12.5,viix42/V,6,4,10,4
74,12.5,65.0,7.0,0.125,12.0,12.5,viix42/V,6,4,10,4
75,12.625,53.0,7.0,0.125,12.5,14.0,V43,7,5,10,5
76,12.75,53.0,7.0,0.125,12.5,14.0,V43,7,5,10,5
77,12.875,57.0,11.0,0.125,12.5,14.0,V43,7,5,10,5
78,13.0,60.0,2.0,0.75,12.5,14.0,V43,7,5,10,5
79,13.75,57.0,11.0,0.125,12.5,14.0,V43,7,5,10,5
80,13.875,58.0,0.0,0.125,12.5,14.0,V43,7,5,10,5
81,14.0,58.0,0.0,2.0,12.5,14.0,V43,7,5,10,5
82,16.0,62.0,4.0,0.0940000000000012,14.0,17.0,I,0,1,10,10
83,16.094,60.0,2.0,0.0309999999999988,14.0,17.0,I,0,1,10,10
84,16.125,62.0,4.0,0.75,14.0,17.0,I,0,1,10,10
85,16.875,58.0,0.0,0.125,14.0,17.0,I,0,1,10,10
86,17.0,60.0,2.0,0.125,14.0,17.0,I,0,1,10,10
87,17.125,62.0,4.0,0.0629999999999988,17.0,18.0,vi,9,6,10,7
88,17.188,62.0,4.0,0.6870000000000012,17.0,18.0,vi,9,6,10,7
89,17.875,62.0,4.0,0.0629999999999988,17.0,18.0,vi,9,6,10,7
90,17.938,62.0,4.0,0.0620000000000011,17.0,18.0,vi,9,6,10,7
91,18.0,63.0,5.0,0.0620000000000011,17.0,18.0,vi,9,6,10,7
92,18.062,65.0,7.0,0.1259999999999976,18.0,19.5,ii,2,2,10,0
93,18.188,63.0,5.0,0.1240000000000023,18.0,19.5,ii,2,2,10,0
94,18.312,62.0,4.0,0.1259999999999976,18.0,19.5,ii,2,2,10,0
95,18.438,60.0,2.0,0.3120000000000011,18.0,19.5,ii,2,2,10,0
96,18.75,60.0,2.0,0.125,18.0,19.5,ii,2,2,10,0
97,18.875,62.0,4.0,0.125,18.0,19.5,ii,2,2,10,0
98,19.0,63.0,5.0,0.0620000000000011,18.0,19.5,ii,2,2,10,0
99,19.062,65.0,7.0,0.1259999999999976,18.0,19.5,ii,2,2,10,0
100,19.188,63.0,5.0,0.1240000000000023,18.0,19.5,ii,2,2,10,0
101,19.312,62.0,4.0,0.1259999999999976,18.0,19.5,ii,2,2,10,0
102,19.438,60.0,2.0,0.5620000000000012,18.0,19.5,ii,2,2,10,0
103,20.0,62.0,4.0,0.0940000000000012,19.5,20.0,V,7,5,10,5
104,20.094,60.0,2.0,0.0309999999999988,20.0,21.0,I,0,1,10,10
105,20.125,62.0,4.0,0.625,20.0,21.0,I,0,1,10,10
106,20.75,62.0,4.0,0.125,20.0,21.0,I,0,1,10,10
107,20.875,65.0,7.0,0.125,20.0,21.0,I,0,1,10,10
108,21.0,69.0,11.0,0.1879999999999988,20.0,21.0,I,0,1,10,10
109,21.188,67.0,9.0,0.0620000000000011,21.0,22.0,vi,9,6,10,7
110,21.25,67.0,9.0,0.625,21.0,22.0,vi,9,6,10,7
111,21.875,67.0,9.0,0.125,21.0,22.0,vi,9,6,10,7
112,22.0,70.0,0.0,0.125,21.0,22.0,vi,9,6,10,7
113,22.125,70.0,0.0,0.125,22.0,23.0,ii,2,2,10,0
114,22.25,70.0,0.0,0.125,22.0,23.0,ii,2,2,10,0
115,22.375,70.0,0.0,0.125,22.0,23.0,ii,2,2,10,0
116,22.5,70.0,0.0,0.1879999999999988,22.0,23.0,ii,2,2,10,0
117,22.688,67.0,9.0,0.0620000000000011,22.0,23.0,ii,2,2,10,0
118,22.75,63.0,5.0,0.0620000000000011,22.0,23.0,ii,2,2,10,0
119,22.812,62.0,4.0,0.25,22.0,23.0,ii,2,2,10,0
120,23.062,60.0,2.0,0.0629999999999988,23.0,24.0,V6,7,5,10,5
121,23.125,60.0,2.0,0.875,23.0,24.0,V6,7,5,10,5
122,24.0,67.0,4.0,0.0940000000000012,23.0,24.0,V6,7,5,10,5
123,24.094,65.0,2.0,0.0309999999999988,24.0,25.0,I,0,1,3,3
124,24.125,67.0,4.0,0.625,24.0,25.0,I,0,1,3,3
125,24.75,65.0,2.0,0.125,24.0,25.0,I,0,1,3,3
126,24.875,67.0,4.0,0.0629999999999988,24.0,25.0,I,0,1,3,3
127,24.938,68.0,5.0,0.0620000000000011,24.0,25.0,I,0,1,3,3
128,25.0,67.0,4.0,0.875,24.0,25.0,I,0,1,3,3
129,25.875,67.0,4.0,0.0629999999999988,25.0,26.0,vi,9,6,3,0
130,25.938,67.0,4.0,0.0620000000000011,25.0,26.0,vi,9,6,3,0
131,26.0,68.0,5.0,0.1879999999999988,25.0,26.0,vi,9,6,3,0
132,26.188,67.0,4.0,0.0620000000000011,26.0,27.0,ii,2,2,3,5
133,26.25,67.0,4.0,0.125,26.0,27.0,ii,2,2,3,5
134,26.375,65.0,2.0,0.125,26.0,27.0,ii,2,2,3,5
135,26.5,65.0,2.0,0.4379999999999988,26.0,27.0,ii,2,2,3,5
136,26.938,58.0,7.0,0.0620000000000011,26.0,27.0,ii,2,2,3,5
137,27.0,58.0,7.0,0.125,26.0,27.0,ii,2,2,3,5
138,27.125,65.0,2.0,0.125,27.0,28.0,V,7,5,3,10
139,27.25,65.0,2.0,0.125,27.0,28.0,V,7,5,3,10
140,27.375,67.0,4.0,0.0629999999999988,27.0,28.0,V,7,5,3,10
141,27.438,67.0,4.0,0.1870000000000011,27.0,28.0,V,7,5,3,10
142,27.625,68.0,5.0,0.125,27.0,28.0,V,7,5,3,10
143,27.75,68.0,5.0,0.125,27.0,28.0,V,7,5,3,10
144,27.875,70.0,7.0,0.125,27.0,28.0,V,7,5,3,10
145,28.0,68.0,5.0,0.0620000000000011,27.0,28.0,V,7,5,3,10
146,28.062,67.0,4.0,0.0629999999999988,28.0,28.5,I,0,1,3,3
147,28.125,67.0,4.0,0.25,28.0,28.5,I,0,1,3,3
148,28.375,65.0,2.0,0.0629999999999988,28.0,28.5,I,0,1,3,3
149,28.438,67.0,4.0,0.0620000000000011,28.0,28.5,I,0,1,3,3
150,28.5,70.0,7.0,0.375,28.0,28.5,I,0,1,3,3
151,28.875,65.0,2.0,0.0629999999999988,28.5,29.0,V6,7,5,3,10
152,28.938,67.0,4.0,0.0620000000000011,28.5,29.0,V6,7,5,3,10
153,29.0,63.0,0.0,0.375,28.5,29.0,V6,7,5,3,10
154,29.375,58.0,7.0,0.0629999999999988,29.0,29.5,vi,9,6,3,0
155,29.438,58.0,7.0,0.0620000000000011,29.0,29.5,vi,9,6,3,0
156,29.5,59.0,8.0,0.0620000000000011,29.0,29.5,vi,9,6,3,0
157,29.562,61.0,10.0,0.1259999999999976,29.5,30.0,iv,5,4,3,8
158,29.688,59.0,8.0,0.0620000000000011,29.5,30.0,iv,5,4,3,8
159,29.75,61.0,10.0,0.125,29.5,30.0,iv,5,4,3,8
160,29.875,58.0,7.0,0.125,29.5,30.0,iv,5,4,3,8
161,30.0,58.0,7.0,4.0,29.5,30.0,iv,5,4,3,8
162,34.0,62.0,4.0,0.125,32.0,35.0,I,0,1,10,10
163,34.125,60.0,2.0,0.0309999999999988,32.0,35.0,I,0,1,10,10
164,34.156,62.0,4.0,0.7190000000000012,32.0,35.0,I,0,1,10,10
165,34.875,58.0,0.0,0.125,32.0,35.0,I,0,1,10,10
166,35.0,60.0,2.0,0.125,32.0,35.0,I,0,1,10,10
167,35.125,62.0,4.0,0.0630000000000023,35.0,36.0,vi,9,6,10,7
168,35.188,62.0,4.0,0.6869999999999976,35.0,36.0,vi,9,6,10,7
169,35.875,62.0,4.0,0.125,35.0,36.0,vi,9,6,10,7
170,36.0,63.0,5.0,0.0619999999999976,35.0,36.0,vi,9,6,10,7
171,36.062,65.0,7.0,0.1260000000000047,36.0,37.5,ii,2,2,10,0
172,36.188,63.0,5.0,0.1239999999999952,36.0,37.5,ii,2,2,10,0
173,36.312,62.0,4.0,0.1260000000000047,36.0,37.5,ii,2,2,10,0
174,36.438,60.0,2.0,0.3119999999999976,36.0,37.5,ii,2,2,10,0
175,36.75,60.0,2.0,0.0619999999999976,36.0,37.5,ii,2,2,10,0
176,36.812,62.0,4.0,0.1880000000000024,36.0,37.5,ii,2,2,10,0
177,37.0,63.0,5.0,0.0619999999999976,36.0,37.5,ii,2,2,10,0
178,37.062,65.0,7.0,0.0630000000000023,36.0,37.5,ii,2,2,10,0
179,37.125,63.0,5.0,0.125,36.0,37.5,ii,2,2,10,0
180,37.25,62.0,4.0,0.125,36.0,37.5,ii,2,2,10,0
181,37.375,62.0,4.0,0.0630000000000023,36.0,37.5,ii,2,2,10,0
182,37.438,60.0,2.0,0.5619999999999976,36.0,37.5,ii,2,2,10,0
183,38.0,62.0,4.0,0.0940000000000012,37.5,38.0,V,7,5,10,5
184,38.094,60.0,2.0,0.0309999999999988,38.0,39.0,I,0,1,10,10
185,38.125,62.0,4.0,0.25,38.0,39.0,I,0,1,10,10
186,38.375,60.0,2.0,0.0630000000000023,38.0,39.0,I,0,1,10,10
187,38.438,58.0,0.0,0.0619999999999976,38.0,39.0,I,0,1,10,10
188,38.5,60.0,2.0,0.0619999999999976,38.0,39.0,I,0,1,10,10
189,38.562,62.0,4.0,0.3130000000000024,38.0,39.0,I,0,1,10,10
190,38.875,65.0,7.0,0.125,38.0,39.0,I,0,1,10,10
191,39.0,69.0,11.0,0.1880000000000024,38.0,39.0,I,0,1,10,10
192,39.188,67.0,9.0,0.0619999999999976,39.0,40.0,vi,9,6,10,7
193,39.25,67.0,9.0,0.625,39.0,40.0,vi,9,6,10,7
194,39.875,65.0,7.0,0.0630000000000023,39.0,40.0,vi,9,6,10,7
195,39.938,67.0,9.0,0.0619999999999976,39.0,40.0,vi,9,6,10,7
196,40.0,70.0,0.0,0.125,39.0,40.0,vi,9,6,10,7
197,40.125,70.0,0.0,0.125,40.0,41.0,ii,2,2,10,0
198,40.25,70.0,0.0,0.125,40.0,41.0,ii,2,2,10,0
199,40.375,70.0,0.0,0.125,40.0,41.0,ii,2,2,10,0
200,40.5,70.0,0.0,0.1880000000000024,40.0,41.0,ii,2,2,10,0
201,40.688,67.0,9.0,0.0619999999999976,40.0,41.0,ii,2,2,10,0
202,40.75,63.0,5.0,0.0619999999999976,40.0,41.0,ii,2,2,10,0
203,40.812,62.0,4.0,0.25,40.0,41.0,ii,2,2,10,0
204,41.062,60.0,2.0,0.0630000000000023,41.0,42.0,V6,7,5,10,5
205,41.125,60.0,2.0,0.875,41.0,42.0,V6,7,5,10,5
206,42.0,67.0,4.0,0.0619999999999976,41.0,42.0,V6,7,5,10,5
207,42.062,65.0,2.0,0.0630000000000023,42.0,43.0,I,0,1,3,3
208,42.125,67.0,4.0,0.625,42.0,43.0,I,0,1,3,3
209,42.75,65.0,2.0,0.125,42.0,43.0,I,0,1,3,3
210,42.875,67.0,4.0,0.0630000000000023,42.0,43.0,I,0,1,3,3
211,42.938,68.0,5.0,0.0619999999999976,42.0,43.0,I,0,1,3,3
212,43.0,67.0,4.0,1.0,42.0,43.0,I,0,1,3,3
213,44.0,68.0,5.0,0.1880000000000024,43.0,44.0,vi,9,6,3,0
214,44.188,67.0,4.0,0.0619999999999976,44.0,45.0,ii,2,2,3,5
215,44.25,67.0,4.0,0.0619999999999976,44.0,45.0,ii,2,2,3,5
216,44.312,65.0,2.0,0.1260000000000047,44.0,45.0,ii,2,2,3,5
217,44.438,65.0,2.0,0.5,44.0,45.0,ii,2,2,3,5
218,44.938,58.0,7.0,0.0619999999999976,44.0,45.0,ii,2,2,3,5
219,45.0,58.0,7.0,0.125,44.0,45.0,ii,2,2,3,5
220,45.125,65.0,2.0,0.125,45.0,46.0,V,7,5,3,10
221,45.25,65.0,2.0,0.125,45.0,46.0,V,7,5,3,10
222,45.375,67.0,4.0,0.125,45.0,46.0,V,7,5,3,10
223,45.5,67.0,4.0,0.0619999999999976,45.0,46.0,V,7,5,3,10
224,45.562,68.0,5.0,0.0630000000000023,45.0,46.0,V,7,5,3,10
225,45.625,68.0,5.0,0.125,45.0,46.0,V,7,5,3,10
226,45.75,68.0,5.0,0.125,45.0,46.0,V,7,5,3,10
227,45.875,70.0,7.0,0.0630000000000023,45.0,46.0,V,7,5,3,10
228,45.938,68.0,5.0,0.1239999999999952,45.0,46.0,V,7,5,3,10
229,46.062,67.0,4.0,9.938000000000002,46.0,46.5,I,0,1,3,3
230,56.0,62.0,5.0,0.25,54.0,60.0,I,0,1,9,9
231,56.25,61.0,4.0,0.125,54.0,60.0,I,0,1,9,9
232,56.375,61.0,4.0,0.125,54.0,60.0,I,0,1,9,9
233,56.5,60.0,3.0,0.125,54.0,60.0,I,0,1,9,9
234,56.625,60.0,3.0,0.125,54.0,60.0,I,0,1,9,9
235,56.75,61.0,4.0,0.125,54.0,60.0,I,0,1,9,9
236,56.875,61.0,4.0,0.125,54.0,60.0,I,0,1,9,9
237,57.0,62.0,5.0,0.125,54.0,60.0,I,0,1,9,9
238,57.125,62.0,5.0,0.125,54.0,60.0,I,0,1,9,9
239,57.25,61.0,4.0,0.125,54.0,60.0,I,0,1,9,9
240,57.375,61.0,4.0,0.125,54.0,60.0,I,0,1,9,9
241,57.5,60.0,3.0,0.25,54.0,60.0,I,0,1,9,9
242,57.75,64.0,7.0,0.125,54.0,60.0,I,0,1,9,9
243,57.875,64.0,7.0,0.125,54.0,60.0,I,0,1,9,9
244,58.0,69.0,0.0,0.25,54.0,60.0,I,0,1,9,9
245,58.25,64.0,7.0,0.125,54.0,60.0,I,0,1,9,9
246,58.375,64.0,7.0,0.125,54.0,60.0,I,0,1,9,9
247,58.5,69.0,0.0,0.25,54.0,60.0,I,0,1,9,9
248,58.75,64.0,7.0,0.125,54.0,60.0,I,0,1,9,9
249,58.875,64.0,7.0,0.125,54.0,60.0,I,0,1,9,9
250,59.0,63.0,6.0,0.125,54.0,60.0,I,0,1,9,9
251,59.125,63.0,6.0,0.125,54.0,60.0,I,0,1,9,9
252,59.25,64.0,7.0,0.25,54.0,60.0,I,0,1,9,9
253,59.5,66.0,9.0,0.25,54.0,60.0,I,0,1,9,9
254,59.75,64.0,7.0,0.25,54.0,60.0,I,0,1,9,9
255,60.0,65.0,8.0,0.125,54.0,60.0,I,0,1,9,9
256,60.125,65.0,8.0,0.125,60.0,60.5,III64,4,3,9,1
257,60.25,65.0,8.0,0.125,60.0,60.5,III64,4,3,9,1
258,60.375,65.0,8.0,0.125,60.0,60.5,III64,4,3,9,1
259,60.5,66.0,9.0,0.25,60.0,60.5,III64,4,3,9,1
260,60.75,66.0,9.0,0.25,60.5,61.0,V7/III,11,7,9,8
261,61.0,67.0,10.0,0.125,60.5,61.0,V7/III,11,7,9,8
262,61.125,67.0,10.0,0.125,61.0,61.5,bIII64,3,3,9,0
263,61.25,67.0,10.0,0.125,61.0,61.5,bIII64,3,3,9,0
264,61.375,67.0,10.0,0.125,61.0,61.5,bIII64,3,3,9,0
265,61.5,68.0,11.0,0.25,61.0,61.5,bIII64,3,3,9,0
266,61.75,68.0,11.0,0.25,61.5,62.0,V,7,5,9,4
267,62.0,69.0,0.0,0.25,61.5,62.0,V,7,5,9,4
268,62.25,76.0,7.0,0.125,62.0,65.0,I,0,1,9,9
269,62.375,76.0,7.0,0.125,62.0,65.0,I,0,1,9,9
270,62.5,77.0,8.0,0.125,62.0,65.0,I,0,1,9,9
271,62.625,76.0,7.0,0.125,62.0,65.0,I,0,1,9,9
272,62.75,57.0,0.0,0.125,62.0,65.0,I,0,1,9,9
273,62.875,57.0,0.0,0.125,62.0,65.0,I,0,1,9,9
274,63.0,58.0,1.0,0.125,62.0,65.0,I,0,1,9,9
275,63.125,57.0,0.0,0.125,62.0,65.0,I,0,1,9,9
276,63.25,76.0,7.0,0.125,62.0,65.0,I,0,1,9,9
277,63.375,76.0,7.0,0.125,62.0,65.0,I,0,1,9,9
278,63.5,77.0,8.0,0.125,62.0,65.0,I,0,1,9,9
279,63.625,76.0,7.0,0.125,62.0,65.0,I,0,1,9,9
280,63.75,57.0,0.0,0.125,62.0,65.0,I,0,1,9,9
281,63.875,57.0,0.0,0.125,62.0,65.0,I,0,1,9,9
282,64.0,58.0,1.0,0.125,62.0,65.0,I,0,1,9,9
283,64.125,57.0,0.0,0.125,62.0,65.0,I,0,1,9,9
284,64.25,76.0,7.0,0.125,62.0,65.0,I,0,1,9,9
285,64.375,76.0,7.0,0.125,62.0,65.0,I,0,1,9,9
286,64.5,77.0,8.0,0.125,62.0,65.0,I,0,1,9,9
287,64.625,76.0,7.0,0.125,62.0,65.0,I,0,1,9,9
288,64.75,74.0,5.0,0.125,62.0,65.0,I,0,1,9,9
289,64.875,72.0,3.0,0.125,62.0,65.0,I,0,1,9,9
290,65.0,71.0,2.0,0.25,62.0,65.0,I,0,1,9,9
291,65.25,58.0,1.0,0.25,65.0,66.0,V,7,5,9,4
292,65.5,70.0,1.0,0.25,65.0,66.0,V,7,5,9,4
293,65.75,70.0,1.0,0.25,65.0,66.0,V,7,5,9,4
294,66.0,70.0,7.0,0.125,65.0,66.0,V,7,5,9,4
295,66.125,67.0,4.0,0.25,66.0,67.0,vi7,9,6,3,0
296,66.375,63.0,0.0,0.25,66.0,67.0,vi7,9,6,3,0
297,66.625,60.0,9.0,0.125,66.0,67.0,vi7,9,6,3,0
298,66.75,58.0,7.0,0.25,66.0,67.0,vi7,9,6,3,0
299,67.0,59.0,8.0,0.25,66.0,67.0,vi7,9,6,3,0
300,67.25,58.0,7.0,0.125,67.0,69.0,V,7,5,3,10
301,67.375,58.0,7.0,0.125,67.0,69.0,V,7,5,3,10
302,67.5,57.0,6.0,0.25,67.0,69.0,V,7,5,3,10
303,67.75,58.0,7.0,0.25,67.0,69.0,V,7,5,3,10
304,68.0,59.0,8.0,0.25,67.0,69.0,V,7,5,3,10
305,68.25,58.0,7.0,0.125,67.0,69.0,V,7,5,3,10
306,68.375,58.0,7.0,0.125,67.0,69.0,V,7,5,3,10
307,68.5,57.0,6.0,0.25,67.0,69.0,V,7,5,3,10
308,68.75,58.0,7.0,0.25,67.0,69.0,V,7,5,3,10
309,69.0,75.0,0.0,0.25,67.0,69.0,V,7,5,3,10
310,69.25,75.0,0.0,0.125,69.0,71.0,I,0,1,3,3
311,69.375,75.0,0.0,0.125,69.0,71.0,I,0,1,3,3
312,69.5,75.0,0.0,0.25,69.0,71.0,I,0,1,3,3
313,69.75,75.0,0.0,0.25,69.0,71.0,I,0,1,3,3
314,70.0,75.0,0.0,0.125,69.0,71.0,I,0,1,3,3
315,70.125,75.0,0.0,0.125,69.0,71.0,I,0,1,3,3
316,70.25,75.0,0.0,0.25,69.0,71.0,I,0,1,3,3
317,70.5,75.0,0.0,0.125,69.0,71.0,I,0,1,3,3
318,70.625,75.0,0.0,0.125,69.0,71.0,I,0,1,3,3
319,70.75,75.0,0.0,0.25,69.0,71.0,I,0,1,3,3
320,71.0,72.0,9.0,0.25,69.0,71.0,I,0,1,3,3
321,71.25,72.0,9.0,0.125,71.0,71.5,IV,5,4,3,8
322,71.375,75.0,0.0,0.125,71.0,71.5,IV,5,4,3,8
323,71.5,70.0,7.0,0.25,71.0,71.5,IV,5,4,3,8
324,71.75,70.0,7.0,0.125,71.5,72.0,I,0,1,3,3
325,71.875,70.0,7.0,0.125,71.5,72.0,I,0,1,3,3
326,72.0,69.0,6.0,0.25,71.5,72.0,I,0,1,3,3
327,72.25,69.0,6.0,0.125,72.0,72.5,V/V,2,2,3,5
328,72.375,69.0,6.0,0.125,72.0,72.5,V/V,2,2,3,5
329,72.5,70.0,7.0,1.5,72.0,72.5,V/V,2,2,3,5
330,74.0,59.0,8.0,0.125,72.5,76.0,V,7,5,3,10
331,74.125,59.0,8.0,0.125,72.5,76.0,V,7,5,3,10
332,74.25,58.0,7.0,0.25,72.5,76.0,V,7,5,3,10
333,74.5,57.0,6.0,0.125,72.5,76.0,V,7,5,3,10
334,74.625,57.0,6.0,0.125,72.5,76.0,V,7,5,3,10
335,74.75,58.0,7.0,0.25,72.5,76.0,V,7,5,3,10
336,75.0,59.0,8.0,0.125,72.5,76.0,V,7,5,3,10
337,75.125,59.0,8.0,0.125,72.5,76.0,V,7,5,3,10
338,75.25,58.0,7.0,0.125,72.5,76.0,V,7,5,3,10
339,75.375,58.0,7.0,0.125,72.5,76.0,V,7,5,3,10
340,75.5,57.0,6.0,0.25,72.5,76.0,V,7,5,3,10
341,75.75,58.0,7.0,0.25,72.5,76.0,V,7,5,3,10
342,76.0,63.0,0.0,0.25,72.5,76.0,V,7,5,3,10
343,76.25,58.0,7.0,0.25,76.0,77.0,I,0,1,3,3
344,76.5,75.0,0.0,0.375,76.0,77.0,I,0,1,3,3
345,76.875,65.0,2.0,0.125,76.0,77.0,I,0,1,3,3
346,77.0,65.0,2.0,0.125,76.0,77.0,I,0,1,3,3
347,77.125,67.0,4.0,0.125,77.0,77.75,V,7,5,3,10
348,77.25,68.0,5.0,0.125,77.0,77.75,V,7,5,3,10
349,77.375,67.0,4.0,0.125,77.0,77.75,V,7,5,3,10
350,77.5,65.0,2.0,0.125,77.0,77.75,V,7,5,3,10
351,77.625,75.0,0.0,0.125,77.0,77.75,V,7,5,3,10
352,77.75,75.0,0.0,0.125,77.0,77.75,V,7,5,3,10
353,77.875,75.0,0.0,0.375,77.75,78.25,I,0,1,3,3
354,78.25,58.0,7.0,0.25,77.75,78.25,I,0,1,3,3
355,78.5,63.0,0.0,0.25,78.25,79.5,V,7,5,3,10
356,78.75,58.0,7.0,0.125,78.25,79.5,V,7,5,3,10
357,78.875,65.0,2.0,0.125,78.25,79.5,V,7,5,3,10
358,79.0,65.0,2.0,0.125,78.25,79.5,V,7,5,3,10
359,79.125,67.0,4.0,0.125,78.25,79.5,V,7,5,3,10
360,79.25,68.0,5.0,0.125,78.25,79.5,V,7,5,3,10
361,79.375,67.0,4.0,0.125,78.25,79.5,V,7,5,3,10
362,79.5,65.0,2.0,0.125,78.25,79.5,V,7,5,3,10
363,79.625,75.0,0.0,0.125,79.5,80.25,I,0,1,3,3
364,79.75,75.0,0.0,0.125,79.5,80.25,I,0,1,3,3
365,79.875,75.0,0.0,0.375,79.5,80.25,I,0,1,3,3
366,80.25,58.0,7.0,0.25,79.5,80.25,I,0,1,3,3
367,80.5,63.0,0.0,0.25,80.25,81.5,V,7,5,3,10
368,80.75,58.0,7.0,0.125,80.25,81.5,V,7,5,3,10
369,80.875,65.0,2.0,0.125,80.25,81.5,V,7,5,3,10
370,81.0,65.0,2.0,0.125,80.25,81.5,V,7,5,3,10
371,81.125,67.0,4.0,0.125,80.25,81.5,V,7,5,3,10
372,81.25,68.0,5.0,0.125,80.25,81.5,V,7,5,3,10
373,81.375,67.0,4.0,0.125,80.25,81.5,V,7,5,3,10
374,81.5,65.0,2.0,0.125,80.25,81.5,V,7,5,3,10
375,81.625,75.0,0.0,0.125,81.5,82.0,I,0,1,3,3
376,81.75,75.0,0.0,0.125,81.5,82.0,I,0,1,3,3
377,81.875,75.0,0.0,0.125,81.5,82.0,I,0,1,3,3
378,82.0,65.0,2.0,0.125,81.5,82.0,I,0,1,3,3
379,82.125,67.0,4.0,0.125,82.0,82.5,V,7,5,3,10
380,82.25,68.0,5.0,0.125,82.0,82.5,V,7,5,3,10
381,82.375,67.0,4.0,0.125,82.0,82.5,V,7,5,3,10
382,82.5,65.0,2.0,0.125,82.0,82.5,V,7,5,3,10
383,82.625,75.0,0.0,0.125,82.5,83.0,I,0,1,3,3
384,82.75,75.0,0.0,0.125,82.5,83.0,I,0,1,3,3
385,82.875,75.0,0.0,0.125,82.5,83.0,I,0,1,3,3
386,83.0,65.0,2.0,0.125,82.5,83.0,I,0,1,3,3
387,83.125,67.0,4.0,0.125,83.0,84.0,V,7,5,3,10
388,83.25,68.0,5.0,0.125,83.0,84.0,V,7,5,3,10
389,83.375,67.0,4.0,0.125,83.0,84.0,V,7,5,3,10
390,83.5,58.0,7.0,0.125,83.0,84.0,V,7,5,3,10
391,83.625,58.0,7.0,0.125,83.0,84.0,V,7,5,3,10
392,83.75,63.0,0.0,0.125,83.0,84.0,V,7,5,3,10
393,83.875,63.0,0.0,0.125,83.0,84.0,V,7,5,3,10
394,84.0,61.0,10.0,0.125,83.0,84.0,V,7,5,3,10
395,84.125,70.0,7.0,0.25,84.0,85.0,V/bVI,3,3,3,6
396,84.375,66.0,3.0,0.25,84.0,85.0,V/bVI,3,3,3,6
397,84.625,64.0,1.0,0.125,84.0,85.0,V/bVI,3,3,3,6
398,84.75,61.0,10.0,0.25,84.0,85.0,V/bVI,3,3,3,6
399,85.0,63.0,0.0,0.25,84.0,85.0,V/bVI,3,3,3,6
400,85.25,64.0,1.0,0.25,85.0,85.25,bvi,8,6,3,11
401,85.5,66.0,3.0,0.25,85.25,85.5,V/VII,6,4,3,9
402,85.75,68.0,5.0,0.25,85.5,85.75,VII,11,7,3,2
403,86.0,70.0,7.0,0.25,85.75,86.0,V/bVI,3,3,3,6
404,86.25,74.0,11.0,0.25,86.0,86.25,bVI,8,6,3,11
405,86.5,75.0,0.0,0.125,86.25,86.5,V,7,5,3,10
406,86.625,58.0,7.0,0.125,86.5,88.5,I,0,1,3,3
407,86.75,58.0,7.0,0.125,86.5,88.5,I,0,1,3,3
408,86.875,58.0,7.0,0.125,86.5,88.5,I,0,1,3,3
409,87.0,60.0,9.0,0.125,86.5,88.5,I,0,1,3,3
410,87.125,58.0,7.0,0.125,86.5,88.5,I,0,1,3,3
411,87.25,58.0,7.0,0.125,86.5,88.5,I,0,1,3,3
412,87.375,58.0,7.0,0.125,86.5,88.5,I,0,1,3,3
413,87.5,60.0,9.0,0.125,86.5,88.5,I,0,1,3,3
414,87.625,58.0,7.0,0.125,86.5,88.5,I,0,1,3,3
415,87.75,67.0,4.0,0.125,86.5,88.5,I,0,1,3,3
416,87.875,67.0,4.0,0.125,86.5,88.5,I,0,1,3,3
417,88.0,68.0,5.0,0.125,86.5,88.5,I,0,1,3,3
418,88.125,67.0,4.0,0.125,86.5,88.5,I,0,1,3,3
419,88.25,65.0,2.0,0.125,86.5,88.5,I,0,1,3,3
420,88.375,63.0,0.0,0.125,86.5,88.5,I,0,1,3,3
421,88.5,65.0,2.0,0.25,86.5,88.5,I,0,1,3,3
422,88.75,58.0,7.0,0.25,88.5,89.0,V,7,5,3,10
423,89.0,75.0,0.0,0.375,88.5,89.0,V,7,5,3,10
424,89.375,75.0,0.0,0.125,89.0,89.5,I,0,1,3,3
425,89.5,75.0,0.0,0.25,89.0,89.5,I,0,1,3,3
426,89.75,75.0,0.0,0.125,89.5,90.0,IV,5,4,3,8
427,89.875,75.0,0.0,0.125,89.5,90.0,IV,5,4,3,8
428,90.0,74.0,11.0,0.125,89.5,90.0,IV,5,4,3,8
429,90.125,74.0,11.0,0.125,90.0,90.5,V7/iii,11,7,3,2
430,90.25,74.0,11.0,0.125,90.0,90.5,V7/iii,11,7,3,2
431,90.375,74.0,11.0,0.125,90.0,90.5,V7/iii,11,7,3,2
432,90.5,79.0,4.0,0.25,90.0,90.5,V7/iii,11,7,3,2
433,90.75,79.0,4.0,0.25,90.5,91.0,iii,4,3,3,7
434,91.0,68.0,5.0,0.375,90.5,91.0,iii,4,3,3,7
435,91.375,67.0,4.0,0.125,91.0,95.0,V,7,5,3,10
436,91.5,65.0,2.0,0.25,91.0,95.0,V,7,5,3,10
437,91.75,67.0,4.0,0.25,91.0,95.0,V,7,5,3,10
438,92.0,72.0,9.0,0.375,91.0,95.0,V,7,5,3,10
439,92.375,70.0,7.0,0.125,91.0,95.0,V,7,5,3,10
440,92.5,68.0,5.0,0.25,91.0,95.0,V,7,5,3,10
441,92.75,67.0,4.0,0.25,91.0,95.0,V,7,5,3,10
442,93.0,82.0,7.0,6.167000000000002,91.0,95.0,V,7,5,3,10
443,99.167,68.0,5.0,0.1659999999999968,99.0,102.0,V,7,5,3,10
444,99.333,68.0,5.0,0.1670000000000016,99.0,102.0,V,7,5,3,10
445,99.5,67.0,4.0,0.1670000000000016,99.0,102.0,V,7,5,3,10
446,99.667,67.0,4.0,0.1659999999999968,99.0,102.0,V,7,5,3,10
447,99.833,67.0,4.0,0.1670000000000016,99.0,102.0,V,7,5,3,10
448,100.0,65.0,2.0,0.1670000000000016,99.0,102.0,V,7,5,3,10
449,100.167,65.0,2.0,0.1659999999999968,99.0,102.0,V,7,5,3,10
450,100.333,65.0,2.0,0.1670000000000016,99.0,102.0,V,7,5,3,10
451,100.5,63.0,0.0,0.1670000000000016,99.0,102.0,V,7,5,3,10
452,100.667,63.0,0.0,0.0829999999999984,99.0,102.0,V,7,5,3,10
453,100.75,63.0,0.0,0.25,99.0,102.0,V,7,5,3,10
454,101.0,62.0,11.0,0.1670000000000016,99.0,102.0,V,7,5,3,10
455,101.167,63.0,0.0,0.0829999999999984,99.0,102.0,V,7,5,3,10
456,101.25,65.0,2.0,1.9170000000000016,99.0,102.0,V,7,5,3,10
457,103.167,68.0,5.0,0.1659999999999968,103.0,104.5,V,7,5,3,10
458,103.333,68.0,5.0,0.1670000000000016,103.0,104.5,V,7,5,3,10
459,103.5,67.0,4.0,0.1670000000000016,103.0,104.5,V,7,5,3,10
460,103.667,67.0,4.0,0.1659999999999968,103.0,104.5,V,7,5,3,10
461,103.833,67.0,4.0,0.1670000000000016,103.0,104.5,V,7,5,3,10
462,104.0,65.0,2.0,0.1670000000000016,103.0,104.5,V,7,5,3,10
463,104.167,65.0,2.0,0.1659999999999968,103.0,104.5,V,7,5,3,10
464,104.333,65.0,2.0,0.1670000000000016,103.0,104.5,V,7,5,3,10
465,104.5,63.0,0.0,0.1670000000000016,103.0,104.5,V,7,5,3,10
466,104.667,63.0,0.0,0.1659999999999968,104.5,105.0,I,0,1,3,3
467,104.833,63.0,0.0,0.1670000000000016,104.5,105.0,I,0,1,3,3
468,105.0,68.0,5.0,0.1670000000000016,104.5,105.0,I,0,1,3,3
469,105.167,70.0,7.0,0.0829999999999984,105.0,106.0,IV,5,4,3,8
470,105.25,72.0,9.0,0.4170000000000016,105.0,106.0,IV,5,4,3,8
471,105.667,68.0,5.0,0.3329999999999984,105.0,106.0,IV,5,4,3,8
472,106.0,67.0,4.0,0.1670000000000016,105.0,106.0,IV,5,4,3,8
473,106.167,68.0,5.0,0.8329999999999984,106.0,107.0,ii,2,2,3,5
474,107.0,67.0,4.0,0.1670000000000016,106.0,107.0,ii,2,2,3,5
475,107.167,65.0,2.0,0.0829999999999984,107.0,108.0,V,7,5,3,10
476,107.25,65.0,2.0,0.4170000000000016,107.0,108.0,V,7,5,3,10
477,107.667,67.0,4.0,0.5,107.0,108.0,V,7,5,3,10
478,108.167,68.0,5.0,0.1659999999999968,108.0,109.0,ii,2,2,3,5
479,108.333,68.0,5.0,0.1670000000000016,108.0,109.0,ii,2,2,3,5
480,108.5,68.0,5.0,0.1670000000000016,108.0,109.0,ii,2,2,3,5
481,108.667,68.0,5.0,0.1659999999999968,108.0,109.0,ii,2,2,3,5
482,108.833,67.0,4.0,0.1670000000000016,108.0,109.0,ii,2,2,3,5
483,109.0,67.0,4.0,0.1670000000000016,108.0,109.0,ii,2,2,3,5
484,109.167,65.0,2.0,0.0829999999999984,109.0,110.0,V,7,5,3,10
485,109.25,65.0,2.0,0.4170000000000016,109.0,110.0,V,7,5,3,10
486,109.667,67.0,4.0,0.3329999999999984,109.0,110.0,V,7,5,3,10
487,110.0,63.0,0.0,0.1670000000000016,109.0,110.0,V,7,5,3,10
488,110.167,63.0,0.0,0.0829999999999984,110.0,110.5,ii,2,2,3,5
489,110.25,63.0,0.0,0.0829999999999984,110.0,110.5,ii,2,2,3,5
490,110.333,63.0,0.0,0.0840000000000031,110.0,110.5,ii,2,2,3,5
491,110.417,65.0,2.0,0.5829999999999984,110.0,110.5,ii,2,2,3,5
492,111.0,63.0,0.0,0.1670000000000016,110.5,111.0,V,7,5,3,10
493,111.167,63.0,0.0,0.0829999999999984,111.0,111.5,ii,2,2,3,5
494,111.25,63.0,0.0,0.0829999999999984,111.0,111.5,ii,2,2,3,5
495,111.333,63.0,0.0,0.1670000000000016,111.0,111.5,ii,2,2,3,5
496,111.5,65.0,2.0,0.1670000000000016,111.0,111.5,ii,2,2,3,5
497,111.667,63.0,0.0,0.1659999999999968,111.5,112.0,V,7,5,3,10
498,111.833,62.0,11.0,0.1670000000000016,111.5,112.0,V,7,5,3,10
499,112.0,63.0,0.0,0.1670000000000016,111.5,112.0,V,7,5,3,10
500,112.167,58.0,7.0,9.832999999999998,112.0,115.0,I,0,1,3,3
501,122.0,67.0,4.0,0.5,119.0,122.0,V,7,5,3,10
502,122.5,65.0,2.0,0.5,122.0,122.5,I,0,1,3,3
503,123.0,63.0,0.0,0.5,122.5,123.0,V6,7,5,3,10
504,123.5,62.0,11.0,0.25,123.0,123.5,vi,9,6,3,0
505,123.75,63.0,0.0,0.25,123.5,123.75,V/vi,4,3,3,7
506,124.0,62.0,11.0,0.25,123.75,124.0,vi,9,6,3,0
507,124.25,63.0,0.0,2.75,124.0,124.25,V/vi,4,3,3,7
508,127.0,68.0,5.0,0.125,126.5,127.0,I,0,1,3,3
509,127.125,67.0,4.0,0.125,127.0,127.5,vi,9,6,3,0
510,127.25,63.0,0.0,0.0619999999999976,127.0,127.5,vi,9,6,3,0
511,127.312,55.0,4.0,0.1260000000000047,127.0,127.5,vi,9,6,3,0
512,127.438,58.0,7.0,0.1239999999999952,127.0,127.5,vi,9,6,3,0
513,127.562,58.0,7.0,0.4380000000000024,127.5,128.0,iii,4,3,3,7
514,128.0,67.0,4.0,0.0620000000000118,127.5,128.0,iii,4,3,3,7
515,128.062,65.0,2.0,0.1259999999999763,128.0,128.5,vi,9,6,3,0
516,128.188,63.0,0.0,0.1240000000000236,128.0,128.5,vi,9,6,3,0
517,128.312,62.0,11.0,0.1879999999999881,128.0,128.5,vi,9,6,3,0
518,128.5,58.0,7.0,0.5,128.0,128.5,vi,9,6,3,0
519,129.0,67.0,4.0,0.125,128.5,129.0,iii,4,3,3,7
520,129.125,63.0,0.0,0.125,129.0,129.5,vi,9,6,3,0
521,129.25,65.0,2.0,0.0620000000000118,129.0,129.5,vi,9,6,3,0
522,129.312,67.0,4.0,0.1259999999999763,129.0,129.5,vi,9,6,3,0
523,129.438,63.0,0.0,0.1240000000000236,129.0,129.5,vi,9,6,3,0
524,129.562,59.0,8.0,0.4379999999999882,129.5,130.0,iv,5,4,3,8
525,130.0,67.0,4.0,0.125,129.5,130.0,iv,5,4,3,8
526,130.125,65.0,2.0,0.125,130.0,131.0,V,7,5,3,10
527,130.25,65.0,2.0,0.0620000000000118,130.0,131.0,V,7,5,3,10
528,130.312,63.0,0.0,0.1259999999999763,130.0,131.0,V,7,5,3,10
529,130.438,63.0,0.0,0.1240000000000236,130.0,131.0,V,7,5,3,10
530,130.562,60.0,9.0,0.3759999999999763,130.0,131.0,V,7,5,3,10
531,130.938,62.0,11.0,0.0620000000000118,130.0,131.0,V,7,5,3,10
532,131.0,63.0,0.0,5.0,130.0,131.0,V,7,5,3,10
533,136.0,58.0,5.0,0.125,135.5,138.0,I,0,1,5,5
534,136.125,58.0,5.0,0.125,135.5,138.0,I,0,1,5,5
535,136.25,57.0,4.0,0.125,135.5,138.0,I,0,1,5,5
536,136.375,57.0,4.0,0.125,135.5,138.0,I,0,1,5,5
537,136.5,56.0,3.0,0.25,135.5,138.0,I,0,1,5,5
